id,first_name,last_name,username,email,phone,city,country,postal_code,signup_date,status,newsletter
1,Imogen,Hawthorne,imogen.hawthorne,imogen.hawthorne@example.com,+1-555-1960,Harrowgate,Kestrand,KE-8256,2023-11-02,active,true
2,Joaquin,Novachek,joaquin.novachek,joaquin.novachek@example.net,+1-555-4244,Oakenshade,Sorrelia,SO-2243,2025-09-18,active,true
3,Alastair,Jarrow,alastair.jarrow,alastair.jarrow@example.com,+1-555-2495,Alderport,Ardenia,AR-8149,2023-09-15,active,true
4,Briony,Marchetti,briony.marchetti,briony.marchetti@example.net,+1-555-7181,Umberfield,Talangar,TA-7000,2025-12-14,active,true
5,Ulric,Zabala,ulric.zabala,ulric.zabala@example.com,+1-555-3625,Ravensford,Velmora,VE-5581,2023-02-04,pending,true
6,Amara,Pennington,amara.pennington,amara.pennington@example.net,+1-555-7663,Thistledown,Velmora,VE-9918,2025-07-16,active,false
7,Vesper,Kaltenbach,vesper.kaltenbach,vesper.kaltenbach@example.com,+1-555-7135,Ravensford,Velmora,VE-6106,2025-10-29,inactive,false
8,Xiomara,Bergstrom,xiomara.bergstrom,xiomara.bergstrom@example.net,+1-555-7568,Juniper Rest,Norvane,NO-3780,2024-03-24,active,true
9,Yrsa,Ulvestad,yrsa.ulvestad,yrsa.ulvestad@example.com,+1-555-4261,Oakenshade,Sorrelia,SO-1787,2025-05-11,suspended,false
10,Aurelio,Ulvestad,aurelio.ulvestad,aurelio.ulvestad@example.org,+1-555-1831,Yarrowend,Talangar,TA-2958,2024-05-14,active,false
11,Everard,Ingersleben,everard.ingersleben,everard.ingersleben@example.org,+1-555-1501,Alderport,Ardenia,AR-2665,2025-08-22,active,true
12,Niall,Ulvestad,niall.ulvestad,niall.ulvestad@example.net,+1-555-9079,Brightwater,Ardenia,AR-4022,2024-12-11,pending,true
13,Imogen,Novachek,imogen.novachek,imogen.novachek@example.com,+1-555-4072,Stonebay,Velmora,VE-1543,2023-10-04,active,true
14,Kestrel,Tanaka,kestrel.tanaka,kestrel.tanaka@example.net,+1-555-9224,Fernbrook,Kestrand,KE-6364,2024-08-30,active,false
15,Linnea,Bergstrom,linnea.bergstrom,linnea.bergstrom@example.org,+1-555-3435,Marrowfen,Sorrelia,SO-4300,2023-03-02,active,true
16,Percival,Nordstrom,percival.nordstrom,percival.nordstrom@example.org,+1-555-1311,Yarrowend,Talangar,TA-9962,2025-10-07,active,true
17,Jarek,Stellwagen,jarek.stellwagen,jarek.stellwagen@example.com,+1-555-2654,Cinderhollow,Ardenia,AR-8203,2023-02-19,active,false
18,Alastair,Brandt,alastair.brandt,alastair.brandt@example.net,+1-555-7662,Glenhaven,Kestrand,KE-9227,2024-02-04,pending,false
19,Everard,Nordstrom,everard.nordstrom,everard.nordstrom@example.org,+1-555-3123,Ravensford,Velmora,VE-8749,2023-11-30,active,true
20,Niall,Abernathy,niall.abernathy,niall.abernathy@example.net,+1-555-2632,Ravensford,Velmora,VE-5726,2023-10-03,active,true
21,Giselle,Wexford,giselle.wexford,giselle.wexford@example.org,+1-555-5158,Ironvale,Norvane,NO-9831,2023-01-10,active,false
22,Jarek,Cortland,jarek.cortland,jarek.cortland@example.org,+1-555-8119,Stonebay,Velmora,VE-8634,2023-07-28,pending,false
23,Celeste,Gundersen,celeste.gundersen,celeste.gundersen@example.org,+1-555-2233,Marrowfen,Sorrelia,SO-9879,2024-04-14,active,false
24,Jorvik,Chaudhry,jorvik.chaudhry,jorvik.chaudhry@example.com,+1-555-9897,Yarrowend,Talangar,TA-7999,2025-05-09,suspended,true
25,Lysander,Merriweather,lysander.merriweather,lysander.merriweather@example.org,+1-555-7422,Harrowgate,Kestrand,KE-9889,2023-03-28,active,false
26,Kestrel,Hawthorne,kestrel.hawthorne,kestrel.hawthorne@example.org,+1-555-2462,Thistledown,Velmora,VE-5209,2023-03-19,active,true
27,Jarek,Sandoval,jarek.sandoval,jarek.sandoval@example.net,+1-555-6023,Harrowgate,Kestrand,KE-5327,2023-01-11,active,false
28,Ilaria,Stellwagen,ilaria.stellwagen,ilaria.stellwagen@example.com,+1-555-6711,Dunmarrow,Ardenia,AR-7389,2024-12-31,inactive,false
29,Jarek,Jessop,jarek.jessop,jarek.jessop@example.com,+1-555-3722,Eastvale,Kestrand,KE-5831,2023-12-05,active,true
30,Malachi,Falkenrath,malachi.falkenrath,malachi.falkenrath@example.com,+1-555-7549,Eastvale,Kestrand,KE-5234,2024-12-17,active,false
31,Giselle,Wexford,giselle.wexford2,giselle.wexford2@example.net,+1-555-1581,Oakenshade,Sorrelia,SO-8226,2023-11-09,active,false
32,Soren,Zabala,soren.zabala,soren.zabala@example.com,+1-555-3442,Dunmarrow,Ardenia,AR-5450,2024-08-25,active,true
33,Talia,Prendergast,talia.prendergast,talia.prendergast@example.org,+1-555-2553,Westhollow,Talangar,TA-4430,2025-05-11,active,false
34,Imogen,Moreau,imogen.moreau,imogen.moreau@example.net,+1-555-4461,Eastvale,Kestrand,KE-2753,2025-05-02,active,false
35,Celeste,Nakamura,celeste.nakamura,celeste.nakamura@example.com,+1-555-1092,Quillmoor,Velmora,VE-1211,2023-10-14,active,true
36,Freya,Yeardley,freya.yeardley,freya.yeardley@example.net,+1-555-8095,Northmere,Sorrelia,SO-8161,2023-08-07,active,true
37,Linnea,Ingersleben,linnea.ingersleben,linnea.ingersleben@example.net,+1-555-6527,Dunmarrow,Ardenia,AR-3953,2024-01-04,active,true
38,Malachi,Krivosheev,malachi.krivosheev,malachi.krivosheev@example.net,+1-555-4286,Westhollow,Talangar,TA-2429,2023-08-29,active,false
39,Vesper,Cortland,vesper.cortland,vesper.cortland@example.org,+1-555-3257,Larkfield,Norvane,NO-8373,2023-08-30,pending,false
40,Celeste,Ravenscroft,celeste.ravenscroft,celeste.ravenscroft@example.net,+1-555-9826,Eastvale,Kestrand,KE-8310,2025-06-29,active,true
41,Ferris,Jessop,ferris.jessop,ferris.jessop@example.net,+1-555-8268,Larkfield,Norvane,NO-2448,2024-01-13,active,true
42,Rosalind,Stellwagen,rosalind.stellwagen,rosalind.stellwagen@example.org,+1-555-4572,Dunmarrow,Ardenia,AR-2393,2024-06-14,inactive,false
43,Verity,Oakhurst,verity.oakhurst,verity.oakhurst@example.org,+1-555-1630,Northmere,Sorrelia,SO-9458,2024-08-04,active,false
44,Malachi,Quillfeather,malachi.quillfeather,malachi.quillfeather@example.com,+1-555-1968,Stonebay,Velmora,VE-2100,2024-04-25,active,true
45,Joaquin,Eriksen,joaquin.eriksen,joaquin.eriksen@example.org,+1-555-7067,Cinderhollow,Ardenia,AR-1481,2025-10-28,active,false
46,Fiora,Ulvestad,fiora.ulvestad,fiora.ulvestad@example.net,+1-555-8107,Glenhaven,Kestrand,KE-7839,2024-04-26,suspended,false
47,Giselle,Tanaka,giselle.tanaka,giselle.tanaka@example.net,+1-555-3985,Yarrowend,Talangar,TA-9151,2024-11-03,active,true
48,Amara,Sandoval,amara.sandoval,amara.sandoval@example.com,+1-555-2885,Ravensford,Velmora,VE-6220,2024-12-10,active,false
49,Celeste,Kowalczyk,celeste.kowalczyk,celeste.kowalczyk@example.net,+1-555-6782,Ravensford,Velmora,VE-5275,2025-01-21,pending,true
50,Ferris,Zhang,ferris.zhang,ferris.zhang@example.com,+1-555-9648,Glenhaven,Kestrand,KE-6238,2024-04-17,active,true
51,Galen,Dunmore,galen.dunmore,galen.dunmore@example.net,+1-555-4561,Northmere,Sorrelia,SO-4808,2025-09-03,active,false
52,Xiomara,Fairbourne,xiomara.fairbourne,xiomara.fairbourne@example.net,+1-555-1675,Eastvale,Kestrand,KE-6292,2024-02-13,suspended,true
53,Hesper,Larkspur,hesper.larkspur,hesper.larkspur@example.net,+1-555-2461,Brightwater,Ardenia,AR-9655,2025-04-29,active,false
54,Lysander,Ivarsson,lysander.ivarsson,lysander.ivarsson@example.org,+1-555-4833,Larkfield,Norvane,NO-9224,2024-12-24,active,false
55,Caspian,Eriksen,caspian.eriksen,caspian.eriksen@example.org,+1-555-9501,Ravensford,Velmora,VE-4883,2024-02-22,active,true
56,Emrys,Fenwick,emrys.fenwick,emrys.fenwick@example.com,+1-555-6888,Dunmarrow,Ardenia,AR-9542,2023-02-27,active,true
57,Jarek,Prendergast,jarek.prendergast,jarek.prendergast@example.com,+1-555-8691,Pinecrest,Sorrelia,SO-5601,2023-09-11,active,true
58,Katriel,Duskwood,katriel.duskwood,katriel.duskwood@example.org,+1-555-1350,Dunmarrow,Ardenia,AR-9590,2023-08-23,inactive,true
59,Briony,Whitlock,briony.whitlock,briony.whitlock@example.com,+1-555-8406,Juniper Rest,Norvane,NO-8464,2024-02-09,pending,true
60,Verity,Duskwood,verity.duskwood,verity.duskwood@example.org,+1-555-1900,Marrowfen,Sorrelia,SO-8128,2025-03-25,pending,true
61,Everard,Prendergast,everard.prendergast,everard.prendergast@example.net,+1-555-3104,Oakenshade,Sorrelia,SO-7135,2024-11-14,active,false
62,Caspian,Gilliard,caspian.gilliard,caspian.gilliard@example.net,+1-555-3414,Kelbridge,Norvane,NO-3095,2025-02-26,active,false
63,Lysander,Granholm,lysander.granholm,lysander.granholm@example.net,+1-555-2987,Kelbridge,Norvane,NO-9134,2024-03-20,active,true
64,Wendell,Fairbourne,wendell.fairbourne,wendell.fairbourne@example.com,+1-555-8781,Dunmarrow,Ardenia,AR-2526,2025-06-19,pending,false
65,Caspian,Fenwick,caspian.fenwick,caspian.fenwick@example.net,+1-555-5336,Vellmont,Talangar,TA-3160,2023-08-14,active,true
66,Everard,Vandermeer,everard.vandermeer,everard.vandermeer@example.net,+1-555-5236,Stonebay,Velmora,VE-4472,2023-12-18,inactive,true
67,Ilaria,Merriweather,ilaria.merriweather,ilaria.merriweather@example.com,+1-555-2578,Alderport,Ardenia,AR-3949,2024-12-03,inactive,true
68,Maren,Bergstrom,maren.bergstrom,maren.bergstrom@example.org,+1-555-1488,Brightwater,Ardenia,AR-1429,2023-05-03,inactive,false
69,Lonan,Iversen,lonan.iversen,lonan.iversen@example.com,+1-555-4673,Alderport,Ardenia,AR-4697,2024-07-24,active,true
70,Hollis,Ravenscroft,hollis.ravenscroft,hollis.ravenscroft@example.org,+1-555-2900,Vellmont,Talangar,TA-8477,2025-10-11,inactive,false
71,Hesper,Marchetti,hesper.marchetti,hesper.marchetti@example.net,+1-555-8949,Quillmoor,Velmora,VE-2933,2023-08-31,inactive,false
72,Rosalind,Abernathy,rosalind.abernathy,rosalind.abernathy@example.org,+1-555-4299,Stonebay,Velmora,VE-6945,2025-08-21,active,true
73,Vesper,Dunmore,vesper.dunmore,vesper.dunmore@example.org,+1-555-9517,Quillmoor,Velmora,VE-1805,2023-05-26,inactive,true
74,Jorvik,Delacroix,jorvik.delacroix,jorvik.delacroix@example.org,+1-555-7090,Juniper Rest,Norvane,NO-5408,2025-11-12,active,true
75,Beatrix,Kowalczyk,beatrix.kowalczyk,beatrix.kowalczyk@example.com,+1-555-2766,Fernbrook,Kestrand,KE-9200,2024-08-21,suspended,true
76,Imogen,Hawthorne,imogen.hawthorne2,imogen.hawthorne2@example.net,+1-555-2115,Dunmarrow,Ardenia,AR-7337,2025-02-27,pending,false
77,Jarek,Iversen,jarek.iversen,jarek.iversen@example.net,+1-555-6376,Harrowgate,Kestrand,KE-7028,2025-06-08,pending,false
78,Katriel,Merriweather,katriel.merriweather,katriel.merriweather@example.net,+1-555-9660,Kelbridge,Norvane,NO-2859,2024-05-27,active,false
79,Cormac,Ravenscroft,cormac.ravenscroft,cormac.ravenscroft@example.com,+1-555-6142,Yarrowend,Talangar,TA-3547,2024-01-28,active,false
80,Kestrel,Everly,kestrel.everly,kestrel.everly@example.net,+1-555-8784,Quillmoor,Velmora,VE-6444,2024-09-09,active,true
81,Lonan,Eastgate,lonan.eastgate,lonan.eastgate@example.com,+1-555-1462,Marrowfen,Sorrelia,SO-4634,2025-07-26,active,false
82,Zinnia,Vasquez,zinnia.vasquez,zinnia.vasquez@example.org,+1-555-8642,Brightwater,Ardenia,AR-9598,2023-05-25,active,false
83,Kiera,Pennington,kiera.pennington,kiera.pennington@example.org,+1-555-5128,Ironvale,Norvane,NO-6888,2024-03-15,active,false
84,Delphine,Holloway,delphine.holloway,delphine.holloway@example.org,+1-555-6409,Dunmarrow,Ardenia,AR-4104,2024-05-30,active,true
85,Dahlia,Hawthorne,dahlia.hawthorne,dahlia.hawthorne@example.net,+1-555-9020,Alderport,Ardenia,AR-5333,2024-07-31,active,true
86,Yrsa,Hawthorne,yrsa.hawthorne,yrsa.hawthorne@example.com,+1-555-7401,Kelbridge,Norvane,NO-5690,2023-06-19,suspended,false
87,Xiomara,Whitlock,xiomara.whitlock,xiomara.whitlock@example.com,+1-555-5944,Brightwater,Ardenia,AR-4964,2024-05-14,active,true
88,Quillon,Novachek,quillon.novachek,quillon.novachek@example.net,+1-555-9231,Umberfield,Talangar,TA-5491,2023-04-07,active,true
89,Soren,Jandreau,soren.jandreau,soren.jandreau@example.org,+1-555-9870,Marrowfen,Sorrelia,SO-9422,2024-07-01,active,true
90,Hollis,Jessop,hollis.jessop,hollis.jessop@example.com,+1-555-6453,Yarrowend,Talangar,TA-8639,2023-10-04,active,false
91,Zephyr,Underhill,zephyr.underhill,zephyr.underhill@example.net,+1-555-4567,Westhollow,Talangar,TA-4376,2025-01-30,inactive,true
92,Zephyr,Everly,zephyr.everly,zephyr.everly@example.org,+1-555-2621,Yarrowend,Talangar,TA-8180,2025-11-04,active,false
93,Emrys,Ashcombe,emrys.ashcombe,emrys.ashcombe@example.net,+1-555-6059,Stonebay,Velmora,VE-1691,2023-04-05,active,false
94,Giselle,Nakamura,giselle.nakamura,giselle.nakamura@example.org,+1-555-3067,Vellmont,Talangar,TA-2924,2024-01-16,active,true
95,Ursula,Quintero,ursula.quintero,ursula.quintero@example.org,+1-555-9246,Kelbridge,Norvane,NO-4734,2025-09-26,inactive,false
96,Quinn,Marchetti,quinn.marchetti,quinn.marchetti@example.com,+1-555-4015,Larkfield,Norvane,NO-7942,2023-10-13,active,true
97,Percival,Oakhurst,percival.oakhurst,percival.oakhurst@example.com,+1-555-2198,Alderport,Ardenia,AR-3686,2024-09-30,active,false
98,Verity,Hawthorne,verity.hawthorne,verity.hawthorne@example.net,+1-555-4518,Oakenshade,Sorrelia,SO-6071,2025-07-16,active,true
99,Delphine,Nordstrom,delphine.nordstrom,delphine.nordstrom@example.com,+1-555-5154,Ironvale,Norvane,NO-2376,2025-10-13,active,false
100,Katriel,Jessop,katriel.jessop,katriel.jessop@example.com,+1-555-5987,Ravensford,Velmora,VE-1928,2023-01-26,inactive,true
101,Jarek,Larkspur,jarek.larkspur,jarek.larkspur@example.com,+1-555-2027,Ironvale,Norvane,NO-3448,2024-02-03,active,false
102,Bastian,Iversen,bastian.iversen,bastian.iversen@example.net,+1-555-2823,Westhollow,Talangar,TA-6713,2023-12-12,active,false
103,Maren,Duskwood,maren.duskwood,maren.duskwood@example.org,+1-555-2875,Umberfield,Talangar,TA-1737,2025-04-20,active,false
104,Giselle,Quillfeather,giselle.quillfeather,giselle.quillfeather@example.net,+1-555-2562,Kelbridge,Norvane,NO-6125,2023-06-11,active,true
105,Ulric,Bergstrom,ulric.bergstrom,ulric.bergstrom@example.com,+1-555-2391,Ironvale,Norvane,NO-7117,2023-12-27,active,false
106,Reverie,Eriksen,reverie.eriksen,reverie.eriksen@example.com,+1-555-5062,Vellmont,Talangar,TA-1474,2023-08-09,active,true
107,Wendell,Gilliard,wendell.gilliard,wendell.gilliard@example.net,+1-555-2053,Northmere,Sorrelia,SO-7405,2025-01-04,active,false
108,Joaquin,Kaltenbach,joaquin.kaltenbach,joaquin.kaltenbach@example.net,+1-555-4293,Westhollow,Talangar,TA-1972,2023-01-24,inactive,true
109,Ulric,Lindqvist,ulric.lindqvist,ulric.lindqvist@example.net,+1-555-9398,Ironvale,Norvane,NO-9045,2023-12-08,active,true
110,Amara,Vasquez,amara.vasquez,amara.vasquez@example.com,+1-555-8650,Northmere,Sorrelia,SO-5188,2024-10-09,active,false
111,Peregrine,Kowalczyk,peregrine.kowalczyk,peregrine.kowalczyk@example.com,+1-555-7616,Cinderhollow,Ardenia,AR-5869,2023-10-04,pending,false
112,Jorvik,Jessop,jorvik.jessop,jorvik.jessop@example.net,+1-555-9673,Vellmont,Talangar,TA-9199,2023-12-07,active,false
113,Xander,Yarrow,xander.yarrow,xander.yarrow@example.org,+1-555-3004,Alderport,Ardenia,AR-4367,2025-03-06,active,true
114,Wendell,Vasquez,wendell.vasquez,wendell.vasquez@example.org,+1-555-8547,Ravensford,Velmora,VE-3916,2024-03-13,active,true
115,Galen,Ingersleben,galen.ingersleben,galen.ingersleben@example.org,+1-555-1979,Alderport,Ardenia,AR-8395,2024-04-28,active,true
116,Peregrine,Kowalczyk,peregrine.kowalczyk2,peregrine.kowalczyk2@example.com,+1-555-4440,Marrowfen,Sorrelia,SO-5866,2023-07-27,active,true
117,Fiora,Marchetti,fiora.marchetti,fiora.marchetti@example.com,+1-555-9661,Eastvale,Kestrand,KE-4220,2024-04-26,active,false
118,Xander,Larkspur,xander.larkspur,xander.larkspur@example.com,+1-555-9203,Northmere,Sorrelia,SO-8607,2023-12-09,pending,true
119,Gideon,Whitlock,gideon.whitlock,gideon.whitlock@example.com,+1-555-1577,Alderport,Ardenia,AR-6531,2024-09-19,active,false
120,Imogen,Rasmussen,imogen.rasmussen,imogen.rasmussen@example.com,+1-555-2058,Eastvale,Kestrand,KE-2956,2025-03-23,active,true
